label,row_count,inst_count,row_pct,share_pct
neutral,786,786,31.45258103241296,31.45258103241296
joy,682,682,27.290916366546618,27.290916366546618
disgust,356,356,14.245698279311725,14.245698279311725
anger,258,258,10.324129651860744,10.324129651860744
sadness,221,221,8.843537414965986,8.843537414965986
surprise,122,122,4.881952781112445,4.881952781112445
fear,74,74,2.9611844737895154,2.9611844737895154
